intervention_component,intervention_layer_window,intervention_token_window,rule_changed,categorization_consistent,base_label,base_rule,noised_label,noised_rule,restored_label,restored_rule
mlp_output,0-2,752-754,False,True,False," it is a circle and its size is medium, regardless of its color.<|eot_id|",True, it is a rectangle (REC) and its size is large (L).<|eot_id|,False, it is a rectangle (REC) and its size is large (L).<|eot_id|
mlp_output,0-2,760-762,False,True,False," it is a circle and its size is medium, regardless of its color.<|eot_id|",True, it is a rectangle (REC) and its size is large (L).<|eot_id|,False, it is a rectangle (REC) and its size is large (L).<|eot_id|
mlp_output,0-2,784-786,False,True,False," it is a circle and its size is medium, regardless of its color.<|eot_id|",True, it is a rectangle (REC) and its size is large (L).<|eot_id|,False, it is a rectangle (REC) and its size is large (L).<|eot_id|
mlp_output,0-2,792-794,False,True,False," it is a circle and its size is medium, regardless of its color.<|eot_id|",True, it is a rectangle (REC) and its size is large (L).<|eot_id|,False, it is a rectangle (REC) and its size is large (L).<|eot_id|
mlp_output,0-2,800-802,False,True,False," it is a circle and its size is medium, regardless of its color.<|eot_id|",True, it is a rectangle (REC) and its size is large (L).<|eot_id|,False, it is a rectangle (REC) and its size is large (L).<|eot_id|
mlp_output,8-10,728-730,False,True,False," it is a circle and its size is medium, regardless of its color.<|eot_id|",True, it is a rectangle (REC) and its size is large (L).<|eot_id|,False, it is a rectangle (REC) and its size is large (L).<|eot_id|
mlp_output,8-10,736-738,False,True,False," it is a circle and its size is medium, regardless of its color.<|eot_id|",True, it is a rectangle (REC) and its size is large (L).<|eot_id|,False, it is a rectangle (REC) and its size is large (L).<|eot_id|
mlp_output,8-10,760-762,False,True,False," it is a circle and its size is medium, regardless of its color.<|eot_id|",True, it is a rectangle (REC) and its size is large (L).<|eot_id|,False, it is a rectangle (REC) and its size is large (L).<|eot_id|
mlp_output,8-10,768-770,False,True,False," it is a circle and its size is medium, regardless of its color.<|eot_id|",True, it is a rectangle (REC) and its size is large (L).<|eot_id|,False, it is a rectangle (REC) and its size is large (L).<|eot_id|
mlp_output,8-10,776-778,False,True,False," it is a circle and its size is medium, regardless of its color.<|eot_id|",True, it is a rectangle (REC) and its size is large (L).<|eot_id|,False, it is a rectangle (REC) and its size is large (L).<|eot_id|
mlp_output,8-10,784-786,False,True,False," it is a circle and its size is medium, regardless of its color.<|eot_id|",True, it is a rectangle (REC) and its size is large (L).<|eot_id|,False, it is a rectangle (REC) and its size is large (L).<|eot_id|
mlp_output,8-10,800-802,False,True,False," it is a circle and its size is medium, regardless of its color.<|eot_id|",True, it is a rectangle (REC) and its size is large (L).<|eot_id|,False, it is a rectangle (REC) and its size is large (L).<|eot_id|
mlp_output,16-18,736-738,False,True,False," it is a circle and its size is medium, regardless of its color.<|eot_id|",True, it is a rectangle (REC) and its size is large (L).<|eot_id|,False, it is a rectangle (REC) and its size is large (L).<|eot_id|
mlp_output,16-18,744-746,False,True,False," it is a circle and its size is medium, regardless of its color.<|eot_id|",True, it is a rectangle (REC) and its size is large (L).<|eot_id|,False, it is a rectangle (REC) and its size is large (L).<|eot_id|
mlp_output,16-18,752-754,False,True,False," it is a circle and its size is medium, regardless of its color.<|eot_id|",True, it is a rectangle (REC) and its size is large (L).<|eot_id|,False, it is a rectangle (REC) and its size is large (L).<|eot_id|
mlp_output,16-18,760-762,False,True,False," it is a circle and its size is medium, regardless of its color.<|eot_id|",True, it is a rectangle (REC) and its size is large (L).<|eot_id|,False, it is a rectangle (REC) and its size is large (L).<|eot_id|
mlp_output,16-18,768-770,False,True,False," it is a circle and its size is medium, regardless of its color.<|eot_id|",True, it is a rectangle (REC) and its size is large (L).<|eot_id|,False, it is a rectangle (REC) and its size is large (L).<|eot_id|
mlp_output,16-18,776-778,False,True,False," it is a circle and its size is medium, regardless of its color.<|eot_id|",True, it is a rectangle (REC) and its size is large (L).<|eot_id|,False, it is a rectangle (REC) and its size is large (L).<|eot_id|
mlp_output,16-18,784-786,False,True,False," it is a circle and its size is medium, regardless of its color.<|eot_id|",True, it is a rectangle (REC) and its size is large (L).<|eot_id|,False, it is a rectangle (REC) and its size is large (L).<|eot_id|
mlp_output,16-18,792-794,False,True,False," it is a circle and its size is medium, regardless of its color.<|eot_id|",True, it is a rectangle (REC) and its size is large (L).<|eot_id|,False, it is a rectangle (REC) and its size is large (L).<|eot_id|
mlp_output,16-18,800-802,False,True,False," it is a circle and its size is medium, regardless of its color.<|eot_id|",True, it is a rectangle (REC) and its size is large (L).<|eot_id|,False, it is a rectangle (REC) and its size is large (L).<|eot_id|
mlp_output,24-26,728-730,False,True,False," it is a circle and its size is medium, regardless of its color.<|eot_id|",True, it is a rectangle (REC) and its size is large (L).<|eot_id|,False, it is a rectangle (REC) and its size is large (L).<|eot_id|
mlp_output,24-26,736-738,False,True,False," it is a circle and its size is medium, regardless of its color.<|eot_id|",True, it is a rectangle (REC) and its size is large (L).<|eot_id|,False, it is a rectangle (REC) and its size is large (L).<|eot_id|
mlp_output,24-26,744-746,False,True,False," it is a circle and its size is medium, regardless of its color.<|eot_id|",True, it is a rectangle (REC) and its size is large (L).<|eot_id|,False, it is a rectangle (REC) and its size is large (L).<|eot_id|
mlp_output,24-26,760-762,False,True,False," it is a circle and its size is medium, regardless of its color.<|eot_id|",True, it is a rectangle (REC) and its size is large (L).<|eot_id|,False, it is a rectangle (REC) and its size is large (L).<|eot_id|
mlp_output,24-26,768-770,False,True,False," it is a circle and its size is medium, regardless of its color.<|eot_id|",True, it is a rectangle (REC) and its size is large (L).<|eot_id|,False, it is a rectangle (REC) and its size is large (L).<|eot_id|
mlp_output,24-26,776-778,False,True,False," it is a circle and its size is medium, regardless of its color.<|eot_id|",True, it is a rectangle (REC) and its size is large (L).<|eot_id|,False, it is a rectangle (REC) and its size is large (L).<|eot_id|
mlp_output,24-26,792-794,False,True,False," it is a circle and its size is medium, regardless of its color.<|eot_id|",True, it is a rectangle (REC) and its size is large (L).<|eot_id|,False, it is a rectangle (REC) and its size is large (L).<|eot_id|
mlp_output,24-26,800-802,False,True,False," it is a circle and its size is medium, regardless of its color.<|eot_id|",True, it is a rectangle (REC) and its size is large (L).<|eot_id|,False, it is a rectangle (REC) and its size is large (L).<|eot_id|
